{
    "test_cases": [
        {
            "id": 0,
            "problem_size": 100,
            "input": [
                [
                    0.9835120439529419,
                    0.5626536011695862,
                    0.1807107776403427,
                    0.9664068222045898,
                    0.5850046277046204,
                    0.6645243167877197,
                    0.28755804896354675,
                    0.16727864742279053,
                    0.8334773182868958,
                    0.3093966245651245,
                    0.04268696904182434,
                    0.07976938039064407,
                    0.3385566473007202,
                    0.4695136249065399,
                    0.5200929641723633,
                    0.15362976491451263,
                    0.3461253046989441,
                    0.8224225640296936,
                    0.9781062602996826,
                    0.5850159525871277,
                    0.5736044645309448,
                    0.6674644351005554,
                    0.5260357856750488,
                    0.9518815279006958,
                    0.9756519794464111,
                    0.10582759231328964,
                    0.9702733755111694,
                    0.4953194260597229,
                    0.5070960521697998,
                    0.2926802635192871,
                    0.954237699508667,
                    0.782994270324707,
                    0.8158499002456665,
                    0.6289687752723694,
                    0.3738032877445221,
                    0.7139667272567749,
                    0.7074339389801025,
                    0.8557004332542419,
                    0.5969685912132263,
                    0.01609068736433983,
                    0.5761212706565857,
                    0.5679094791412354,
                    0.7628195881843567,
                    0.3344540297985077,
                    0.37201249599456787,
                    0.9678102731704712,
                    0.49334844946861267,
                    0.54703688621521,
                    0.8315492272377014,
                    0.3767997622489929,
                    0.7974807620048523,
                    0.6453187465667725,
                    0.15774141252040863,
                    0.4888300597667694,
                    0.577030599117279,
                    0.5904456973075867,
                    0.847935140132904,
                    0.14972451329231262,
                    0.2923174202442169,
                    0.2607544958591461,
                    0.2157120257616043,
                    0.21420952677726746,
                    0.4655926525592804,
                    0.040905945003032684,
                    0.8978601694107056,
                    0.4217785894870758,
                    0.5416934490203857,
                    0.5148929953575134,
                    0.42792436480522156,
                    0.49483177065849304,
                    0.352642685174942,
                    0.4509158730506897,
                    0.22113576531410217,
                    0.05912066251039505,
                    0.07628223299980164,
                    0.17296330630779266,
                    0.1559005081653595,
                    0.3955845832824707,
                    0.47621360421180725,
                    0.5336435437202454,
                    0.508637547492981,
                    0.4747277498245239,
                    0.5403822064399719,
                    0.8262476325035095,
                    0.4017840623855591,
                    0.01434783823788166,
                    0.6298701167106628,
                    0.11530620604753494,
                    0.7082406878471375,
                    0.6383593082427979,
                    0.7471376061439514,
                    0.7082064151763916,
                    0.6167318820953369,
                    0.6827835440635681,
                    0.13240066170692444,
                    0.6468364596366882,
                    0.6478869915008545,
                    0.18238641321659088,
                    0.741847574710846,
                    0.767686665058136
                ],
                [
                    0.597987711429596,
                    0.24864543974399567,
                    0.34316956996917725,
                    0.9069107174873352,
                    0.9522368907928467,
                    0.6709070205688477,
                    0.14683842658996582,
                    0.7329839468002319,
                    0.11017993092536926,
                    0.2542416453361511,
                    0.7301924228668213,
                    0.952939510345459,
                    0.43039748072624207,
                    0.5403204560279846,
                    0.8827105164527893,
                    0.03832508251070976,
                    0.5653583407402039,
                    0.9040676355361938,
                    0.4933384656906128,
                    0.7925792932510376,
                    0.14458005130290985,
                    0.9554395079612732,
                    0.7196615934371948,
                    0.8875966668128967,
                    0.955138087272644,
                    0.6698140501976013,
                    0.4136604964733124,
                    0.9831533432006836,
                    0.6427805423736572,
                    0.25801315903663635,
                    0.47677919268608093,
                    0.9180794358253479,
                    0.8361148834228516,
                    0.4430173933506012,
                    0.6975838541984558,
                    0.2993198037147522,
                    0.09884187579154968,
                    0.13202428817749023,
                    0.026400398463010788,
                    0.7470645308494568,
                    0.1698751598596573,
                    0.6676159501075745,
                    0.5937367677688599,
                    0.2740341126918793,
                    0.552473247051239,
                    0.3292939066886902,
                    0.1706421822309494,
                    0.6335728764533997,
                    0.9289793968200684,
                    0.09801799058914185,
                    0.08880060166120529,
                    0.5572322607040405,
                    0.998070478439331,
                    0.04546100273728371,
                    0.9719234704971313,
                    0.8736475706100464,
                    0.9055285453796387,
                    0.7699188590049744,
                    0.9737188816070557,
                    0.005314729176461697,
                    0.42542505264282227,
                    0.43656814098358154,
                    0.25601503252983093,
                    0.8855223059654236,
                    0.7150940895080566,
                    0.014413313940167427,
                    0.008929949253797531,
                    0.12484379857778549,
                    0.02911769039928913,
                    0.9469574093818665,
                    0.22756214439868927,
                    0.8491675853729248,
                    0.24365660548210144,
                    0.6600497364997864,
                    0.8149868249893188,
                    0.8305976986885071,
                    0.35875600576400757,
                    0.7297496795654297,
                    0.13799458742141724,
                    0.12387632578611374,
                    0.6726760268211365,
                    0.7556736469268799,
                    0.8315579891204834,
                    0.7742593288421631,
                    0.9595574736595154,
                    0.30734923481941223,
                    0.6581419706344604,
                    0.9242545366287231,
                    0.524050772190094,
                    0.6300634145736694,
                    0.48365357518196106,
                    0.16693753004074097,
                    0.8596364855766296,
                    0.25428467988967896,
