{
    "test_cases": [
        {
            "id": 0,
            "problem_size": 100,
            "input": [
                [
                    0.2217712551355362,
                    0.5157458186149597,
                    0.04172657057642937,
                    0.8717326521873474,
                    0.09066353738307953,
                    0.4714827537536621,
                    0.4991452395915985,
                    0.6144565939903259,
                    0.37568289041519165,
                    0.7714132070541382,
                    0.46595466136932373,
                    0.8462766408920288,
                    0.879280149936676,
                    0.17881692945957184,
                    0.5166146755218506,
                    0.047384511679410934,
                    0.792538583278656,
                    0.7420970797538757,
                    0.3066033124923706,
                    0.33605512976646423,
                    0.09926030784845352,
                    0.8766810297966003,
                    0.2001432329416275,
                    0.15114261209964752,
                    0.46573570370674133,
                    0.15223821997642517,
                    0.3012174367904663,
                    0.79936283826828,
                    0.82899010181427,
                    0.03383423760533333,
                    0.619462788105011,
                    0.478217214345932,
                    0.09354933351278305,
                    0.13704343140125275,
                    0.23845556378364563,
                    0.3280979096889496,
                    0.8865330219268799,
                    0.8776512742042542,
                    0.08971650898456573,
                    0.8712434768676758,
                    0.43567508459091187,
                    0.1775820553302765,
                    0.4974936544895172,
                    0.3721715807914734,
                    0.7094435691833496,
                    0.5839371085166931,
                    0.8693435788154602,
                    0.5361776351928711,
                    0.00981851201504469,
                    0.3482435345649719,
                    0.2847297191619873,
                    0.5899887084960938,
                    0.7341238260269165,
                    0.4603826105594635,
                    0.08081289380788803,
                    0.18368174135684967,
                    0.8572660088539124,
                    0.0995907112956047,
                    0.2980453073978424,
                    0.36629486083984375,
                    0.9516800045967102,
                    0.9269552230834961,
                    0.9421542882919312,
                    0.6810889840126038,
                    0.1806187778711319,
                    0.9191531538963318,
                    0.17139390110969543,
                    0.2618168294429779,
                    0.4976791441440582,
                    0.08845501393079758,
                    0.7876467704772949,
                    0.23443332314491272,
                    0.16548371315002441,
                    0.4201875925064087,
                    0.27429696917533875,
                    0.6022965312004089,
                    0.5153308510780334,
                    0.5991760492324829,
                    0.872987687587738,
                    0.3291366994380951,
                    0.6435264945030212,
                    0.2808006703853607,
                    0.3880749046802521,
                    0.8068748116493225,
                    0.5928736329078674,
                    0.9476025700569153,
                    0.5553816556930542,
                    0.2545204758644104,
                    0.6939363479614258,
                    0.4867185354232788,
                    0.6594557762145996,
                    0.47055283188819885,
                    0.0758235901594162,
                    0.9844353199005127,
                    0.037986308336257935,
                    0.23693422973155975,
                    0.5172345042228699,
                    0.9759440422058105,
                    0.05183589458465576,
                    0.822282612323761
                ],
                [
                    0.1309412568807602,
                    0.6696364283561707,
                    0.8532291054725647,
                    0.2767530381679535,
                    0.9308532476425171,
                    0.35264891386032104,
                    0.8432507514953613,
                    0.3931334316730499,
                    0.20026053488254547,
                    0.056467991322278976,
                    0.5723554491996765,
                    0.9604256749153137,
                    0.6017102599143982,
                    0.4356793463230133,
                    0.7657222151756287,
                    0.15709121525287628,
                    0.6973699927330017,
                    0.11955808103084564,
                    0.10265309363603592,
                    0.5536251664161682,
                    0.4205404818058014,
                    0.5698404908180237,
                    0.08235833048820496,
                    0.774377167224884,
                    0.3215625584125519,
                    0.8927434682846069,
                    0.1765761375427246,
                    0.021371427923440933,
                    0.05251304805278778,
                    0.8625864386558533,
                    0.01544833742082119,
                    0.7267565727233887,
                    0.4780641198158264,
                    0.9929912686347961,
                    0.7924637794494629,
                    0.7689683437347412,
                    0.13061389327049255,
                    0.4260728359222412,
                    0.07436255365610123,
                    0.2172929048538208,
                    0.13612937927246094,
                    0.1229952797293663,
                    0.7941187620162964,
                    0.48989444971084595,
                    0.11148686707019806,
                    0.03603551909327507,
                    0.6750724911689758,
                    0.17869772017002106,
                    0.3144841492176056,
                    0.9738944172859192,
                    0.02630014717578888,
                    0.3027377426624298,
                    0.983994722366333,
                    0.9628550410270691,
                    0.5539630651473999,
                    0.4796648621559143,
                    0.9514031410217285,
                    0.5853947997093201,
                    0.4298250377178192,
                    0.013579513877630234,
                    0.5730005502700806,
                    0.74075847864151,
                    0.9606731534004211,
                    0.8029873967170715,
                    0.35239291191101074,
                    0.3201240599155426,
                    0.865546464920044,
                    0.0783250480890274,
                    0.6244154572486877,
                    0.45835208892822266,
                    0.3888852298259735,
                    0.9941054582595825,
                    0.7688945531845093,
                    0.8742586970329285,
                    0.8467899560928345,
                    0.31286633014678955,
                    0.9708473086357117,
                    0.9298868775367737,
                    0.11880198866128922,
                    0.3983597457408905,
                    0.8588618040084839,
                    0.010113580152392387,
                    0.09280725568532944,
                    0.0942852646112442,
                    0.14454497396945953,
                    0.3733750283718109,
                    0.864331841468811,
                    0.25337204337120056,
                    0.36068621277809143,
                    0.7203601002693176,
                    0.9109607934951782,
                    0.7288655042648315,
                    0.024988824501633644,
                    0.6928868293762207,
