{
    "test_cases": [
        {
            "id": 0,
            "problem_size": 100,
            "input": [
                [
                    0.8486580848693848,
                    0.4020959436893463,
                    0.2492809295654297,
                    0.5957148671150208,
                    0.6890653371810913,
                    0.7560269236564636,
                    0.05127228423953056,
                    0.14889313280582428,
                    0.27779433131217957,
                    0.11357882618904114,
                    0.2758597433567047,
                    0.22380317747592926,
                    0.44551852345466614,
                    0.707785427570343,
                    0.015929535031318665,
                    0.29964780807495117,
                    0.32097962498664856,
                    0.048524633049964905,
                    0.12397009134292603,
                    0.34842535853385925,
                    0.48219555616378784,
                    0.8852229118347168,
                    0.09513525664806366,
                    0.6559447646141052,
                    0.2940734326839447,
                    0.7598422765731812,
                    0.2851267158985138,
                    0.2794758975505829,
                    0.15702711045742035,
                    0.45293042063713074,
                    0.21345406770706177,
                    0.5140832662582397,
                    0.4928871989250183,
                    0.28015950322151184,
                    0.9593948721885681,
                    0.01049351692199707,
                    0.7954365015029907,
                    0.8081445097923279,
                    0.7493748068809509,
                    0.7788403630256653,
                    0.2794652283191681,
                    0.368255615234375,
                    0.8880518674850464,
                    0.899027407169342,
                    0.15822765231132507,
                    0.22115415334701538,
                    0.9304816722869873,
                    0.5765377283096313,
                    0.5908621549606323,
                    0.5262689590454102,
                    0.7901003956794739,
                    0.43311619758605957,
                    0.7896854877471924,
                    0.023990029469132423,
                    0.7568169236183167,
                    0.8796572089195251,
                    0.9718002080917358,
                    0.5707898139953613,
                    0.1031419038772583,
                    0.8472263813018799,
                    0.7376356720924377,
                    0.4504626393318176,
                    0.7692353129386902,
                    0.7613205909729004,
                    0.9837201833724976,
                    0.9957000613212585,
                    0.34671470522880554,
                    0.12057984620332718,
                    0.36441710591316223,
                    0.1616363674402237,
                    0.6843274235725403,
                    0.8188249468803406,
                    0.7361447811126709,
                    0.16293862462043762,
                    0.5412573218345642,
                    0.7078099846839905,
                    0.12504984438419342,
                    0.9335730075836182,
                    0.0718856155872345,
                    0.1089697852730751,
                    0.4597107470035553,
                    0.9642525315284729,
                    0.09797970950603485,
                    0.0922807827591896,
                    0.4862101674079895,
                    0.7299903631210327,
                    0.6667571663856506,
                    0.8466307520866394,
                    0.8824819326400757,
                    0.6928970217704773,
                    0.5683345794677734,
                    0.19210828840732574,
                    0.6614171266555786,
                    0.7193341255187988,
                    0.7327801585197449,
                    0.011189925484359264,
                    0.7077052593231201,
                    0.14257767796516418,
                    0.03333623334765434,
                    0.6327299475669861
                ],
                [
                    0.9389769434928894,
                    0.4439687132835388,
                    0.21100781857967377,
                    0.9810435175895691,
                    0.6897556185722351,
                    0.7048001289367676,
                    0.9135393500328064,
                    0.5272075533866882,
                    0.37230855226516724,
                    0.9489936828613281,
                    0.3639060854911804,
                    0.20538978278636932,
                    0.4940333664417267,
                    0.4716647267341614,
                    0.29433220624923706,
                    0.2711199223995209,
                    0.6831902265548706,
                    0.18130691349506378,
                    0.1850147694349289,
                    0.779133677482605,
                    0.3184985816478729,
                    0.9077025055885315,
                    0.5383110642433167,
                    0.320976197719574,
                    0.4744473397731781,
                    0.8956578969955444,
                    0.7587855458259583,
                    0.7157816290855408,
                    0.581539511680603,
                    0.4651287794113159,
                    0.47374582290649414,
                    0.017874810844659805,
                    0.09076488763093948,
                    0.2995598018169403,
                    0.4714268445968628,
                    0.3338688313961029,
                    0.6117861270904541,
                    0.9681734442710876,
                    0.09973481297492981,
                    0.20907773077487946,
                    0.9170871376991272,
                    0.7766686081886292,
                    0.5673370361328125,
                    0.6265283823013306,
                    0.807403028011322,
                    0.17004205286502838,
                    0.8405894041061401,
                    0.7882964015007019,
                    0.3435506224632263,
                    0.2256578803062439,
                    0.0032104088459163904,
                    0.10980793833732605,
                    0.17675568163394928,
                    0.8547937870025635,
                    0.3636015057563782,
                    0.4270623028278351,
                    0.8260566592216492,
                    0.794223427772522,
                    0.653186023235321,
                    0.5931764841079712,
                    0.3691595792770386,
                    0.032318271696567535,
                    0.20712995529174805,
                    0.6419637203216553,
                    0.5545775294303894,
                    0.7953166961669922,
                    0.97514808177948,
                    0.21664834022521973,
                    0.8247432112693787,
                    0.23926247656345367,
                    0.18737874925136566,
                    0.6555529832839966,
                    0.6625525951385498,
                    0.8402373790740967,
                    0.16837307810783386,
                    0.9576752781867981,
                    0.9567501544952393,
                    0.8407614231109619,
                    0.3029329776763916,
                    0.6536527872085571,
                    0.6552095413208008,
                    0.8289505839347839,
                    0.6242696642875671,
                    0.205889493227005,
                    0.735708475112915,
                    0.9881612062454224,
                    0.1002049446105957,
                    0.38265523314476013,
                    0.21650390326976776,
                    0.09709405899047852,
                    0.1272006630897522,
                    0.18921183049678802,
                    0.3801080584526062,
                    0.44615334272384644,
