{
    "test_cases": [
        {
            "id": 0,
            "problem_size": 100,
            "input": [
                [
                    0.8804223537445068,
                    0.6608267426490784,
                    0.37672552466392517,
                    0.5521708726882935,
                    0.38925597071647644,
                    0.09019604325294495,
                    0.08690754324197769,
                    0.45974379777908325,
                    0.11813962459564209,
                    0.05480064079165459,
                    0.48926421999931335,
                    0.8776804208755493,
                    0.7640823721885681,
                    0.05154402181506157,
                    0.0218731127679348,
                    0.7401209473609924,
                    0.5097542405128479,
                    0.726701021194458,
                    0.7411365509033203,
                    0.6809786558151245,
                    0.006011844612658024,
                    0.6322325468063354,
                    0.9137053489685059,
                    0.046498868614435196,
                    0.4786554276943207,
                    0.9811604619026184,
                    0.9073470830917358,
                    0.043862879276275635,
                    0.48029425740242004,
                    0.4812553822994232,
                    0.3743329346179962,
                    0.3391817510128021,
                    0.27312731742858887,
                    0.5426210761070251,
                    0.5948622226715088,
                    0.9415714144706726,
                    0.7555862069129944,
                    0.7273097634315491,
                    0.6024942994117737,
                    0.5967065691947937,
                    0.4297424852848053,
                    0.38858699798583984,
                    0.2947462797164917,
                    0.13363170623779297,
                    0.4350036680698395,
                    0.0947345420718193,
                    0.5253785848617554,
                    0.7430279850959778,
                    0.7140583992004395,
                    0.7931737303733826,
                    0.8468582630157471,
                    0.6366499066352844,
                    0.6986384987831116,
                    0.09586989134550095,
                    0.9781728982925415,
                    0.5221174359321594,
                    0.9658834934234619,
                    0.3676135241985321,
                    0.03700272738933563,
                    0.7264801859855652,
                    0.8818368315696716,
                    0.7658094167709351,
                    0.4392428696155548,
                    0.36453503370285034,
                    0.5138444304466248,
                    0.17364796996116638,
                    0.8381960391998291,
                    0.2873009145259857,
                    0.9929494261741638,
                    0.7730158567428589,
                    0.1687595546245575,
                    0.332918643951416,
                    0.5492487549781799,
                    0.4188680052757263,
                    0.14188840985298157,
                    0.019372133538126945,
                    0.37746989727020264,
                    0.09061092883348465,
                    0.6625660061836243,
                    0.7100126147270203,
                    0.051669225096702576,
                    0.8983790874481201,
                    0.6345593333244324,
                    0.15419745445251465,
                    0.8210593461990356,
                    0.11057328432798386,
                    0.7967552542686462,
                    0.9486310482025146,
                    0.8130946159362793,
                    0.22762833535671234,
                    0.5907624363899231,
                    0.6855591535568237,
                    0.7480995655059814,
                    0.3046961724758148,
                    0.20136336982250214,
                    0.7241957783699036,
                    0.37816470861434937,
                    0.725905179977417,
                    0.363934189081192,
                    0.7697814702987671
                ],
                [
                    0.12415888160467148,
                    0.608988881111145,
                    0.22026976943016052,
                    0.731754720211029,
                    0.8160268664360046,
                    0.4721519947052002,
                    0.32142141461372375,
                    0.08424369245767593,
                    0.15845923125743866,
                    0.014485050924122334,
                    0.6026639342308044,
                    0.24215485155582428,
                    0.6741505861282349,
                    0.3887713849544525,
                    0.015832068398594856,
                    0.16192665696144104,
                    0.7162852883338928,
                    0.9399257898330688,
                    0.6388399004936218,
                    0.0034956070594489574,
                    0.1329808384180069,
                    0.2192036658525467,
                    0.3142450451850891,
                    0.6392580270767212,
                    0.9114047288894653,
                    0.017875544726848602,
                    0.661268413066864,
                    0.2463127076625824,
                    0.923035740852356,
                    0.7502191066741943,
                    0.3770323395729065,
                    0.9127126932144165,
                    0.07914607971906662,
                    0.7962018251419067,
                    0.4017290771007538,
                    0.2156515270471573,
                    0.8031471967697144,
                    0.5817830562591553,
                    0.5730093717575073,
                    0.532909631729126,
                    0.964773952960968,
                    0.027583573013544083,
                    0.05748413875699043,
                    0.7896424531936646,
                    0.9648609161376953,
                    0.5117705464363098,
                    0.8948935866355896,
                    0.1499781757593155,
                    0.6149336695671082,
                    0.2481612265110016,
                    0.797488272190094,
                    0.04534786194562912,
                    0.6747185587882996,
                    0.19470256567001343,
                    0.31350207328796387,
                    0.3314555287361145,
                    0.6998212933540344,
                    0.3690638244152069,
                    0.8244892358779907,
                    0.8424121737480164,
                    0.4882218539714813,
                    0.7375474572181702,
                    0.02704494073987007,
                    0.07652252167463303,
                    0.5864970684051514,
                    0.04834738001227379,
                    0.05076691135764122,
                    0.14541849493980408,
                    0.9165887236595154,
                    0.10717327147722244,
                    0.9194309711456299,
                    0.016485517844557762,
                    0.33671697974205017,
                    0.21145479381084442,
                    0.9034819602966309,
                    0.14567233622074127,
                    0.06010410934686661,
                    0.8569664359092712,
                    0.9004161357879639,
                    0.6790518164634705,
                    0.6431171298027039,
                    0.8699249029159546,
                    0.3616977035999298,
                    0.8916949033737183,
                    0.7991434335708618,
                    0.8167046904563904,
                    0.33839139342308044,
                    0.14960473775863647,
                    0.831059992313385,
                    0.9995956420898438,
                    0.02600995823740959,
                    0.9298194050788879,
                    0.9946123957633972,
                    0.9562518000602722,
