{
    "test_cases": [
        {
            "id": 0,
            "problem_size": 100,
            "input": [
                [
                    0.6758015751838684,
                    0.22474709153175354,
                    0.15119460225105286,
                    0.22493338584899902,
                    0.58655846118927,
                    0.5310907363891602,
                    0.43552935123443604,
                    0.2824189364910126,
                    0.7577525973320007,
                    0.19956840574741364,
                    0.187078595161438,
                    0.9014476537704468,
                    0.8352707624435425,
                    0.9091680645942688,
                    0.7700623869895935,
                    0.9787898063659668,
                    0.4101456105709076,
                    0.40449613332748413,
                    0.875182032585144,
                    0.8979750275611877,
                    0.9420124292373657,
                    0.41539183259010315,
                    0.46846240758895874,
                    0.8881834149360657,
                    0.17849721014499664,
                    0.0663074254989624,
                    0.3806775212287903,
                    0.5125365853309631,
                    0.6290539503097534,
                    0.7512878179550171,
                    0.6191760897636414,
                    0.34678009152412415,
                    0.8524943590164185,
                    0.4452744424343109,
                    0.9643493294715881,
                    0.8885259628295898,
                    0.19451048970222473,
                    0.401867151260376,
                    0.8350284695625305,
                    0.34236353635787964,
                    0.623738169670105,
                    0.3392432928085327,
                    0.316005676984787,
                    0.051745541393756866,
                    0.8123909831047058,
                    0.042190272361040115,
                    0.8386310935020447,
                    0.26219505071640015,
                    0.14360347390174866,
                    0.8837405443191528,
                    0.30761298537254333,
                    0.7123218774795532,
                    0.543093740940094,
                    0.694074273109436,
                    0.18603311479091644,
                    0.5351791977882385,
                    0.42484262585639954,
                    0.7206891179084778,
                    0.5430403351783752,
                    0.5910792946815491,
                    0.36596861481666565,
                    0.849862813949585,
                    0.26032957434654236,
                    0.5930296182632446,
                    0.5510593056678772,
                    0.22184637188911438,
                    0.7156546711921692,
                    0.7801730632781982,
                    0.4376426041126251,
                    0.52921062707901,
                    0.06483671814203262,
                    0.7810829281806946,
                    0.024667754769325256,
                    0.38789504766464233,
                    0.1580222249031067,
                    0.8395833373069763,
                    0.8213671445846558,
                    0.7306240797042847,
                    0.5010879039764404,
                    0.3702503442764282,
                    0.48191991448402405,
                    0.602167010307312,
                    0.3774005174636841,
                    0.4480639100074768,
                    0.6136544942855835,
                    0.35076019167900085,
                    0.38225066661834717,
                    0.1938372105360031,
                    0.32162970304489136,
                    0.18749316036701202,
                    0.11847450584173203,
                    0.211663618683815,
                    0.5826223492622375,
                    0.7930566072463989,
                    0.06996427476406097,
                    0.9386046528816223,
                    0.4528302848339081,
                    0.36923232674598694,
                    0.7215354442596436,
                    0.6743296384811401
                ],
                [
                    0.3282141089439392,
                    0.18146444857120514,
                    0.9347648024559021,
                    0.13196450471878052,
                    0.9114037752151489,
                    0.08210065215826035,
                    0.5710132122039795,
                    0.20515574514865875,
                    0.863971471786499,
                    0.1555316299200058,
                    0.7297162413597107,
                    0.5825124382972717,
                    0.152849018573761,
                    0.8034913539886475,
                    0.8503631353378296,
                    0.467000812292099,
                    0.5972735285758972,
                    0.3762860894203186,
                    0.06653143465518951,
                    0.7972444891929626,
                    0.32593125104904175,
                    0.5241702795028687,
                    0.7625169157981873,
                    0.24237458407878876,
                    0.7516794800758362,
                    0.15021300315856934,
                    0.8477568030357361,
                    0.5559163689613342,
                    0.5013397336006165,
                    0.3059661090373993,
                    0.5953646898269653,
                    0.4068106710910797,
                    0.2589890956878662,
                    0.6343544125556946,
                    0.8783101439476013,
                    0.26068687438964844,
                    0.38511359691619873,
                    0.4730888903141022,
                    0.9863449335098267,
                    0.9112844467163086,
                    0.5372911691665649,
                    0.17090967297554016,
                    0.7728190422058105,
                    0.48937341570854187,
                    0.4353681206703186,
                    0.7339543700218201,
                    0.8753706812858582,
                    0.6444656252861023,
                    0.9743918180465698,
                    0.019240248948335648,
                    0.8046990633010864,
                    0.4362419843673706,
                    0.35057535767555237,
                    0.598656177520752,
                    0.023349307477474213,
                    0.3339262902736664,
                    0.9306061863899231,
                    0.13973987102508545,
                    0.9210638403892517,
                    0.20526191592216492,
                    0.8699145317077637,
                    0.5576346516609192,
                    0.5410133600234985,
                    0.1374141424894333,
                    0.21945825219154358,
                    0.11411595344543457,
                    0.04377845302224159,
                    0.9800821542739868,
                    0.7651349902153015,
                    0.1595677137374878,
                    0.12864649295806885,
                    0.2538989782333374,
                    0.8644532561302185,
                    0.43242505192756653,
                    0.9639682173728943,
                    0.9065660834312439,
                    0.9321017861366272,
                    0.21723735332489014,
                    0.3183782696723938,
                    0.615993857383728,
                    0.3763870298862457,
                    0.7668710350990295,
                    0.652664840221405,
                    0.5647953152656555,
                    0.34910011291503906,
                    0.15434473752975464,
                    0.29831546545028687,
                    0.3117420971393585,
                    0.30997341871261597,
                    0.9027852416038513,
                    0.9399899840354919,
                    0.6289086937904358,
                    0.5774632692337036,
                    0.3990998864173889,
